day,word,meaning,example
1,articulate,able to express ideas clearly,She articulated her thoughts very clearly.
2,concise,short and to the point,Please keep your explanation concise.
3,subtle,not obvious but noticeable,There was a subtle change in his tone.
4,rationale,the logical reason for something,What is the rationale behind this decision?
5,deliberate,done intentionally,It was a deliberate choice.
6,composed,calm and in control,She stayed composed during the discussion.
7,streamline,make a process more efficient,We need to streamline the workflow.
8,prioritize,decide what is most important,Let’s prioritize the urgent tasks.
9,aligned,in agreement or consistent,Everyone is aligned on the goal.
10,bandwidth,capacity to handle work,I don’t have the bandwidth today.
11,perspective,a way of thinking about something,Try to see it from my perspective.
12,assumption,something taken for granted,That’s an incorrect assumption.
13,implication,a possible result or effect,This decision has serious implications.
14,stance,a position or opinion,What’s your stance on this issue?
15,overwhelmed,feeling too much pressure,I felt overwhelmed with the workload.
16,hesitant,unsure or doubtful,She seemed hesitant to respond.
17,frustrated,feeling annoyed or upset,I’m frustrated with the delays.
18,relieved,feeling less worried,I was relieved to hear the news.
19,awkward,causing discomfort,It was an awkward silence.
20,genuinely,truly or sincerely,I genuinely appreciate your help.
21,eventually,after some time,It will eventually work out.
22,typically,usually or normally,He typically arrives early.
23,reasonably,fairly or sensibly,That sounds reasonably priced.
24,flexible,able to adapt easily,We need a flexible approach.
25,practical,focused on real use,That’s a practical solution.
26,efficient,working with little waste,She is very efficient.
27,transparent,open and honest,We need transparent communication.
28,constructive,helpful and positive,Let’s have a constructive discussion.
29,significant,important or noticeable,There has been significant progress.
30,consistent,steady and reliable,Her performance is consistent.
31,initiative,ability to act independently,He showed great initiative.
32,accountable,responsible for actions,We must be accountable for results.
33,clarify,make something clear,Can you clarify this point?
34,anticipate,expect in advance,I anticipate some challenges.
35,adapt,adjust to change,We need to adapt quickly.
36,balanced,fair and stable,She gave a balanced opinion.
37,confident,sure of oneself,He sounded confident.
38,considerate,thinking of others,That was very considerate.
39,credible,believable and trustworthy,He is a credible source.
40,decisive,able to decide quickly,She is very decisive.
41,engaged,interested and involved,The audience was engaged.
42,feasible,possible to do,Is this plan feasible?
43,insight,useful understanding,That’s a valuable insight.
44,intent,purpose or aim,That wasn’t my intent.
45,logical,based on reason,Your argument is logical.
46,objective,unbiased and factual,Let’s stay objective.
47,proactive,taking action early,She is very proactive.
48,relevant,closely related,That’s not relevant here.
49,resilient,able to recover quickly,He is emotionally resilient.
50,strategic,carefully planned,We need a strategic move.
51,tactful,careful not to offend,She handled it tactfully.
52,transparent,open and clear,Let’s be transparent about it.
53,uncertain,not sure,The outcome is uncertain.
54,valid,reasonable or acceptable,That’s a valid concern.
55,versatile,able to do many things,He is very versatile.
56,calculated,carefully planned,It was a calculated risk.
57,coherent,well-organized and clear,Her explanation was coherent.
58,compromise,a middle solution,We reached a compromise.
59,credible,trustworthy,That sounds credible.
60,delayed,happening later than expected,The meeting was delayed.
61,diplomatic,careful with words,She gave a diplomatic response.
62,efficient,quick and effective,That was an efficient solution.
63,emphasize,give importance to something,Let me emphasize this point.
64,engaging,interesting and attractive,He is an engaging speaker.
65,execute,carry out a plan,We need to execute properly.
66,fairly,to a reasonable degree,It’s fairly simple.
67,grounded,realistic and sensible,She is very grounded.
68,hesitation,delay due to doubt,He answered without hesitation.
69,influential,able to affect others,She is influential in the team.
70,intuitive,easy to understand,The app is intuitive.
71,justify,explain why something is right,Can you justify this choice?
72,measured,careful and controlled,He gave a measured response.
73,neutral,not taking sides,Try to stay neutral.
74,notion,an idea or belief,That’s a common notion.
75,nuanced,with subtle differences,It’s a nuanced topic.
76,objective,impartial,We need an objective view.
77,pragmatic,practical and realistic,Take a pragmatic approach.
78,precise,exact and accurate,Be precise with details.
79,reassuring,comforting and calming,Her words were reassuring.
80,reflective,thoughtful,He was in a reflective mood.
81,robust,strong and reliable,We need a robust system.
82,sensible,reasonable,That’s a sensible idea.
83,straightforward,simple and clear,The process is straightforward.
84,thorough,complete and detailed,She did a thorough job.
85,understated,expressed modestly,His reaction was understated.
86,upfront,honest and direct,Let’s be upfront.
87,viable,capable of working,That option is viable.
88,wary,careful and cautious,I’m wary of the risks.
89,well-rounded,skilled in many areas,She is well-rounded.
90,yield,result or produce,The effort yielded results.
91,articulation,clear expression,His articulation was impressive.
92,composure,calmness,She maintained her composure.
93,delicate,needing careful handling,It’s a delicate issue.
94,effective,successful in result,That was effective.
95,elaborate,explain in detail,Please elaborate.
96,fluid,smooth and natural,The conversation was fluid.
101,adaptable,able to adjust easily,She is very adaptable to change.
102,assertive,confident without being aggressive,He gave an assertive response.
103,attentive,carefully listening or watching,She was attentive during the call.
104,balanced,fair and reasonable,He offered a balanced viewpoint.
105,calculated,done after careful thought,It was a calculated decision.
106,candid,honest and direct,Let me be candid with you.
107,cooperative,willing to work together,The team was cooperative.
108,composed,calm and steady,She remained composed.
109,considerable,fairly large or important,It took considerable effort.
110,consistent,reliable over time,His work is consistent.
111,convey,communicate clearly,She conveyed the message well.
112,credible,believable and trustworthy,That explanation sounds credible.
113,decisive,quick and confident in decisions,She is a decisive leader.
114,deliberate,done intentionally,It was a deliberate move.
115,discern,recognize or understand,I couldn’t discern any difference.
116,efficient,achieving results quickly,That was an efficient process.
117,empathetic,understanding others’ feelings,She was empathetic and kind.
118,engaged,actively involved,He stayed engaged throughout.
119,explicit,clearly stated,Please be explicit about requirements.
120,flexible,open to change,I’m flexible with timing.
121,focused,fully concentrated,Let’s stay focused.
122,grounded,realistic and sensible,He has a grounded approach.
123,insightful,showing deep understanding,That was an insightful comment.
124,intentional,done with purpose,It was intentional
125,intuitive,easy to understand,The interface feels intuitive.
126,logical,based on clear reasoning,Your argument is logical.
127,measured,carefully controlled,She gave a measured reply.
128,methodical,done step by step,He is very methodical.
129,neutral,not biased,Try to remain neutral.
130,noteworthy,worth paying attention to,That’s a noteworthy improvement.
131,objective,based on facts,Let’s be objective.
132,open-minded,willing to consider ideas,She is very open-minded.
133,organized,well-structured,He is extremely organized.
134,practical,focused on real use,That’s a practical suggestion.
135,precise,exact and accurate,Be precise with numbers.
136,proactive,acting in advance,She’s proactive by nature.
137,productive,getting useful results,It was a productive meeting.
138,reasonable,fair and sensible,That’s a reasonable request.
139,receptive,willing to listen,He was receptive to feedback.
140,refined,polished and improved,Her speech is refined.
141,reliable,can be trusted,He’s very reliable.
142,resilient,able to recover quickly,She is resilient under pressure.
143,responsive,quick to react,The team was responsive.
144,strategic,planned for long-term goals,We need a strategic plan.
145,structured,well organized,The discussion was structured.
146,supportive,helpful and encouraging,She was very supportive.
147,tactful,careful with words,He gave a tactful reply.
148,thorough,detailed and complete,She did a thorough analysis.
149,transparent,open and honest,Let’s stay transparent.
150,unbiased,fair and neutral,We need an unbiased review.
151,valid,logically sound,That’s a valid point.
152,versatile,able to do many things,He’s a versatile professional.
153,viable,able to work successfully,That’s a viable option.
154,well-informed,knowing the facts,She is well-informed.
155,approachable,easy to talk to,He is very approachable.
156,articulate,clear in expression,She’s articulate and confident.
157,calm-headed,able to stay calm,He remained calm-headed.
158,clear-cut,easy to understand,The solution is clear-cut.
159,collaborative,working together effectively,It was a collaborative effort.
160,confident,sure of oneself,She sounded confident.
161,considered,thought about carefully,It was a considered response.
162,constructive,helpful and positive,Let’s keep it constructive.
163,contextual,related to the situation,That feedback was contextual.
164,delicate,requiring care,It’s a delicate topic.
165,direct,straightforward,He was direct and honest.
166,disciplined,well controlled,She is very disciplined.
167,engaging,interesting to listen to,He is an engaging speaker.
168,ethical,morally right,That’s the ethical choice.
169,focused-driven,motivated and clear,She is goal-driven and focused.
170,forward-looking,thinking about the future,We need a forward-looking plan.
171,level-headed,calm and sensible,He stayed level-headed.
172,measured-tone,calm way of speaking,She spoke in a measured tone.
173,mindful,aware and careful,Be mindful of the impact.
174,objective-driven,focused on goals,The team is objective-driven.
175,open-ended,not limited,Ask open-ended questions.
176,pragmatic,realistic and practical,Take a pragmatic approach.
177,principled,guided by values,He is a principled leader.
178,reasoned,based on logic,She gave a reasoned explanation.
179,reassuring,calming and comforting,His words were reassuring.
180,reflective,thoughtful,She was reflective after the meeting.
181,respectful,showing respect,He was respectful throughout.
182,results-oriented,focused on outcomes,She is results-oriented.
183,robust,strong and dependable,We need a robust solution.
184,sensible,reasonable,That’s a sensible move.
185,solution-focused,focused on solving problems,Let’s be solution-focused.
186,stable,not changing suddenly,The situation is stable.
187,straightforward,easy to understand,The process is straightforward.
188,substantive,important and meaningful,We had a substantive discussion.
189,succinct,brief and clear,Keep it succinct.
190,sustainable,able to last long-term,That’s a sustainable approach.
191,systematic,done methodically,He works systematically.
192,thoughtful,carefully considered,That was thoughtful feedback.
193,timely,done at the right time,Thanks for the timely update.
194,transparent-minded,open in thinking,She is transparent-minded.
195,trustworthy,can be relied on,He’s trustworthy.
196,unambiguous,very clear,The instructions were unambiguous.
197,up-to-date,current and recent,The data is up-to-date.
198,well-considered,carefully thought out,It was a well-considered plan.
199,well-structured,clearly organized,The presentation was well-structured.
200,worthwhile,useful and valuable,It was a worthwhile effort.
201,adapt,adjust to a new situation,We’ll adapt as things change.
202,aligned,on the same page,We are aligned on expectations.
203,artful,done skillfully,He gave an artful response.
204,assertion,a confident statement,That’s a bold assertion.
205,attuned,aware and sensitive,She is attuned to team dynamics.
206,authentic,genuine and real,He comes across as authentic.
207,balanced-minded,fair in thinking,She is very balanced-minded.
208,calibrated,carefully adjusted,That was a well-calibrated reply.
209,capable,able to do something,She’s highly capable.
210,clear-headed,thinking clearly,Try to stay clear-headed.
211,cohesive,well connected,The argument was cohesive.
212,comfortable,at ease,I’m comfortable with this plan.
213,compelling,very convincing,He made a compelling point.
214,comprehensive,covering everything,We need a comprehensive view.
215,confidently,with self-belief,She spoke confidently.
216,conscientious,careful and responsible,He’s very conscientious.
217,considerate,thoughtful of others,That was considerate of you.
218,consistent-minded,steady in thinking,She is consistent-minded.
219,context-aware,understanding the situation,Be context-aware while responding.
220,convincing,able to persuade,That explanation was convincing.
221,decisively,with firmness,She acted decisively.
222,deliberately,with intention,He deliberately avoided the topic.
223,dependable,reliable and trustworthy,She’s dependable.
224,discernment,good judgment,He showed strong discernment.
225,distinct,clearly different,There’s a distinct difference.
226,driven,motivated,She is highly driven.
227,effective-minded,focused on outcomes,Take an effective-minded approach.
228,eloquent,fluent and expressive,She gave an eloquent answer.
229,empathetically,with understanding,He listened empathetically.
230,empowered,confident and enabled,She felt empowered to speak.
231,even-handed,fair to all sides,He was even-handed.
232,focused-thinking,clear and directed thinking,We need focused thinking.
233,forward-thinking,planning ahead,That’s a forward-thinking idea.
234,grounded-thinking,realistic reasoning,Use grounded thinking.
235,harmonious,peaceful and balanced,The discussion was harmonious.
236,impartial,fair and neutral,Remain impartial.
237,insight-driven,based on understanding,Use an insight-driven approach.
238,intentionality,purposeful action,Speak with intentionality.
239,jointly,together,We decided jointly.
240,level-headedness,calm reasoning,She showed level-headedness.
241,measured-approach,careful way of acting,Take a measured approach.
242,mindful-communication,careful expression,Practice mindful communication.
243,natural-flow,smooth progression,The talk had a natural flow.
244,objective-thinking,logic-based reasoning,Use objective thinking.
245,open-dialogue,honest discussion,Let’s have open dialogue.
246,optimally,in the best way,This works optimally.
247,organized-thinking,structured reasoning,He uses organized thinking.
248,people-aware,aware of others,Be people-aware.
249,poised,calm and confident,She looked poised.
250,principled-thinking,value-based reasoning,He follows principled thinking.
251,proportionate,appropriately balanced,The response was proportionate.
252,reasoned-thinking,logical thought,That shows reasoned thinking.
253,receptive-minded,open to ideas,Be receptive-minded.
254,resolved,firmly decided,She seemed resolved.
255,resourceful,able to find solutions,He’s very resourceful.
256,responsibly,with accountability,Act responsibly.
257,results-focused,aimed at outcomes,Stay results-focused.
258,seasoned,experienced,She’s a seasoned professional.
259,self-assured,confident in oneself,He sounded self-assured.
260,situation-aware,aware of context,Remain situation-aware.
261,solution-oriented,focused on fixing issues,Be solution-oriented.
262,stable-thinking,steady mindset,Use stable thinking.
263,strategically-minded,long-term thinker,She’s strategically-minded.
264,sure-footed,confident and steady,He was sure-footed in replies.
265,tasteful,polite and appropriate,That was tasteful humor.
266,thought-process,way of thinking,Explain your thought process.
267,thought-through,well considered,It’s well thought-through.
268,transparent-thinking,open reasoning,Encourage transparent thinking.
269,trust-building,creating confidence,This helps trust-building.
270,unflustered,not easily upset,She stayed unflustered.
271,well-articulated,clearly expressed,That was well-articulated.
272,well-balanced,even and fair,He has a well-balanced view.
273,well-paced,not rushed,The conversation was well-paced.
274,well-reasoned,logically explained,It’s a well-reasoned point.
275,well-received,accepted positively,The idea was well-received.
276,well-thought-out,carefully planned,A well-thought-out plan.
277,workable,able to be used,That’s a workable solution.
278,yielding,value-producing,The discussion was yielding.
279,assertiveness,confident expression,She showed assertiveness.
280,clarity-driven,focused on understanding,Use clarity-driven speech.
281,composure-driven,calm-focused,Maintain composure-driven responses.
282,confidence-building,increasing self-belief,Practice confidence-building language.
283,context-sensitive,aware of surroundings,Be context-sensitive.
284,decision-ready,prepared to decide,Stay decision-ready.
285,emotion-aware,aware of feelings,Be emotion-aware.
286,impact-focused,aimed at effect,Use impact-focused thinking.
287,logic-driven,based on reasoning,Take a logic-driven approach.
288,outcome-aware,focused on results,Stay outcome-aware.
289,purpose-driven,goal-focused,He’s purpose-driven.
290,response-ready,prepared to reply,Be response-ready.
291,sound-judgment,good decision-making,That shows sound judgment.
292,speaking-presence,strong delivery,She has speaking presence.
293,stable-composure,steady calmness,Maintain stable composure.
294,strategy-aware,aware of planning,Be strategy-aware.
295,structured-thinking,organized reasoning,Use structured thinking.
296,thoughtful-response,careful reply,That was a thoughtful response.
297,trust-oriented,focused on trust,Be trust-oriented.
298,value-driven,based on values,She’s value-driven.
299,well-positioned,advantageously placed,The proposal is well-positioned.
300,well-prepared,ready and confident,He was well-prepared.
